{
  "correlation_matrix": {
    "H-009": {
      "H-009": 1.0,
      "H-011": -0.048249115775764025,
      "H-012": 0.10606586673964202,
      "H-019": -0.028504569207994306,
      "H-021": -0.06899909122962591,
      "H-024": 0.11214080690003596,
      "H-031": -0.16726792766815163,
      "H-039": 0.23543055298331347,
      "H-044": -0.07196416909439239,
      "H-046": -0.13579239594354897,
      "H-049": 0.05800059058124676,
      "H-052": -0.033704816020238754,
      "H-053": 0.06883928667257944,
      "H-059": -0.0424679949795232
    },
    "H-011": {
      "H-009": -0.048249115775764025,
      "H-011": 1.0,
      "H-012": -0.028730383059019978,
      "H-019": -0.03495517706719659,
      "H-021": -0.0062079356080840305,
      "H-024": -0.04527816483034088,
      "H-031": -0.005934314613221988,
      "H-039": -0.009012153991867639,
      "H-044": -0.07455716966021746,
      "H-046": -0.007993940027551098,
      "H-049": -0.011156752176821138,
      "H-052": 0.036839180811565765,
      "H-053": 0.01880058577769026,
      "H-059": -0.10911925063161435
    },
    "H-012": {
      "H-009": 0.10606586673964202,
      "H-011": -0.028730383059019978,
      "H-012": 1.0,
      "H-019": 0.4844415399918741,
      "H-021": 0.0029974322791587174,
      "H-024": 0.5307097463531962,
      "H-031": 0.4636781874718982,
      "H-039": 0.02720802980648921,
      "H-044": 0.3098068065057284,
      "H-046": -0.11040042116783072,
      "H-049": -0.027886311204179306,
      "H-052": 0.14044444053497168,
      "H-053": 0.019399890995036462,
      "H-059": 0.17189585951296815
    },
    "H-019": {
      "H-009": -0.028504569207994306,
      "H-011": -0.03495517706719659,
      "H-012": 0.4844415399918741,
      "H-019": 1.0,
      "H-021": 0.13559859202245123,
      "H-024": 0.7964957419985983,
      "H-031": 0.774505143053391,
      "H-039": 0.15963849150301945,
      "H-044": 0.29806038917541544,
      "H-046": -0.2915025234791998,
      "H-049": -0.2833213287161443,
      "H-052": 0.10565494809055881,
      "H-053": -0.18891177254653285,
      "H-059": 0.16184718861457337
    },
    "H-021": {
      "H-009": -0.06899909122962591,
      "H-011": -0.0062079356080840305,
      "H-012": 0.0029974322791587174,
      "H-019": 0.13559859202245123,
      "H-021": 1.0,
      "H-024": 0.22873135723893942,
      "H-031": 0.11406385676693999,
      "H-039": 0.043550091605829656,
      "H-044": 0.29381997454120395,
      "H-046": 0.2373313475427931,
      "H-049": 0.24620215190918604,
      "H-052": 0.1922353350824796,
      "H-053": 0.05159857885970298,
      "H-059": 0.3163470202377658
    },
    "H-024": {
      "H-009": 0.11214080690003596,
      "H-011": -0.04527816483034088,
      "H-012": 0.5307097463531962,
      "H-019": 0.7964957419985983,
      "H-021": 0.22873135723893942,
      "H-024": 1.0,
      "H-031": 0.6962925432063998,
      "H-039": 0.0905171114083378,
      "H-044": 0.4709952639851295,
      "H-046": -0.021970918596354805,
      "H-049": 0.018295505301325447,
      "H-052": 0.16617720356416232,
      "H-053": -0.051488553684254826,
      "H-059": 0.10479569072072567
    },
    "H-031": {
      "H-009": -0.16726792766815163,
      "H-011": -0.005934314613221988,
      "H-012": 0.4636781874718982,
      "H-019": 0.774505143053391,
      "H-021": 0.11406385676693999,
      "H-024": 0.6962925432063998,
      "H-031": 1.0,
      "H-039": 0.01814265565000261,
      "H-044": 0.4387960481177889,
      "H-046": -0.2748671417915678,
      "H-049": -0.3453111934582991,
      "H-052": -0.001675930478420835,
      "H-053": -0.2934481271402513,
      "H-059": 0.02721017496561536
    },
    "H-039": {
      "H-009": 0.23543055298331347,
      "H-011": -0.009012153991867639,
      "H-012": 0.02720802980648921,
      "H-019": 0.15963849150301945,
      "H-021": 0.043550091605829656,
      "H-024": 0.0905171114083378,
      "H-031": 0.01814265565000261,
      "H-039": 1.0,
      "H-044": -0.06921944370402108,
      "H-046": 0.02840835492432392,
      "H-049": 0.007981313570059365,
      "H-052": 0.18494014180393858,
      "H-053": 0.1793812062136516,
      "H-059": 0.03638978326080976
    },
    "H-044": {
      "H-009": -0.07196416909439239,
      "H-011": -0.07455716966021746,
      "H-012": 0.3098068065057284,
      "H-019": 0.29806038917541544,
      "H-021": 0.29381997454120395,
      "H-024": 0.4709952639851295,
      "H-031": 0.4387960481177889,
      "H-039": -0.06921944370402108,
      "H-044": 1.0,
      "H-046": 0.3917121507870909,
      "H-049": 0.3225888836041303,
      "H-052": 0.36252525882187125,
      "H-053": -0.014105745904558608,
      "H-059": -0.10726797147160794
    },
    "H-046": {
      "H-009": -0.13579239594354897,
      "H-011": -0.007993940027551098,
      "H-012": -0.11040042116783072,
      "H-019": -0.2915025234791998,
      "H-021": 0.2373313475427931,
      "H-024": -0.021970918596354805,
      "H-031": -0.2748671417915678,
      "H-039": 0.02840835492432392,
      "H-044": 0.3917121507870909,
      "H-046": 1.0,
      "H-049": 0.590488716012367,
      "H-052": 0.36734591155104207,
      "H-053": 0.2833149770753915,
      "H-059": 0.003278009076404885
    },
    "H-049": {
      "H-009": 0.05800059058124676,
      "H-011": -0.011156752176821138,
      "H-012": -0.027886311204179306,
      "H-019": -0.2833213287161443,
      "H-021": 0.24620215190918604,
      "H-024": 0.018295505301325447,
      "H-031": -0.3453111934582991,
      "H-039": 0.007981313570059365,
      "H-044": 0.3225888836041303,
      "H-046": 0.590488716012367,
      "H-049": 1.0,
      "H-052": 0.5288996948282051,
      "H-053": 0.42599296898631694,
      "H-059": -0.14818798271428188
    },
    "H-052": {
      "H-009": -0.033704816020238754,
      "H-011": 0.036839180811565765,
      "H-012": 0.14044444053497168,
      "H-019": 0.10565494809055881,
      "H-021": 0.1922353350824796,
      "H-024": 0.16617720356416232,
      "H-031": -0.001675930478420835,
      "H-039": 0.18494014180393858,
      "H-044": 0.36252525882187125,
      "H-046": 0.36734591155104207,
      "H-049": 0.5288996948282051,
      "H-052": 1.0,
      "H-053": 0.4551201417309132,
      "H-059": -0.081116177489935
    },
    "H-053": {
      "H-009": 0.06883928667257944,
      "H-011": 0.01880058577769026,
      "H-012": 0.019399890995036462,
      "H-019": -0.18891177254653285,
      "H-021": 0.05159857885970298,
      "H-024": -0.051488553684254826,
      "H-031": -0.2934481271402513,
      "H-039": 0.1793812062136516,
      "H-044": -0.014105745904558608,
      "H-046": 0.2833149770753915,
      "H-049": 0.42599296898631694,
      "H-052": 0.4551201417309132,
      "H-053": 1.0,
      "H-059": -0.056180455795937806
    },
    "H-059": {
      "H-009": -0.0424679949795232,
      "H-011": -0.10911925063161435,
      "H-012": 0.17189585951296815,
      "H-019": 0.16184718861457337,
      "H-021": 0.3163470202377658,
      "H-024": 0.10479569072072567,
      "H-031": 0.02721017496561536,
      "H-039": 0.03638978326080976,
      "H-044": -0.10726797147160794,
      "H-046": 0.003278009076404885,
      "H-049": -0.14818798271428188,
      "H-052": -0.081116177489935,
      "H-053": -0.056180455795937806,
      "H-059": 1.0
    }
  },
  "individual_metrics": {
    "H-009": {
      "annual_return": 0.01812053050344309,
      "annual_vol": 0.23580418205631928,
      "sharpe": 0.07684567061289521,
      "max_dd": -0.13718175237348262,
      "n_days": 195
    },
    "H-011": {
      "annual_return": 0.18049888602737485,
      "annual_vol": 0.010440209704058649,
      "sharpe": 17.288818054794973,
      "max_dd": -0.0049192437447329596,
      "n_days": 195
    },
    "H-012": {
      "annual_return": 0.04204000588619761,
      "annual_vol": 0.33693041270557056,
      "sharpe": 0.1247735564997352,
      "max_dd": -0.15925735421508103,
      "n_days": 195
    },
    "H-019": {
      "annual_return": 1.5739987352788778,
      "annual_vol": 0.47455103420345845,
      "sharpe": 3.3168165736291355,